ID,Handle,Command,Title,Variant ID,Variant Command,Variant SKU,Variant Inventory Policy,Metafield: custom.back_in_stock_date [date],Metafield: custom.back_in_stock [single_line_text_field],Tags,Tags Command
7179760042120,dol50-b-pu,MERGE,DemoniaCult Dolly 50,41040197877896,MERGE,DOL50/B/PU 36 (US-6),continue,2026-10-09,09.10.2026-checken,,
7179760042120,dol50-b-pu,MERGE,DemoniaCult Dolly 50,41040197943432,MERGE,DOL50/B/PU 38 (US-8),continue,,,,
7179763548296,bal1020-b,MERGE,Devious Ballet 1020,41048473469064,MERGE,BAL1020/B 35 (US-5),continue,2026-11-26,26.11.2026-checken,,
7179763548296,bal1020-b,MERGE,Devious Ballet 1020,41048473600136,MERGE,BAL1020/B 39 (US-9),continue,,,,
7179768332424,dom1023-b,MERGE,Devious Domina 1023,41048592449672,MERGE,DOM1023/B 36 (US-6),continue,,checken,,
7179768332424,dom1023-b,MERGE,Devious Domina 1023,48123050164571,MERGE,DOM1023/B 38 (US-8),continue,,,,
7179779178632,gogo300-pur,MERGE,Funtasma Gogo 300,41040375873672,MERGE,GOGO300/PUR 35 (US-5),continue,2026-12-28,28.12.2026-checken,,
7179779178632,gogo300-pur,MERGE,Funtasma Gogo 300,41040376103048,MERGE,GOGO300/PUR 42/43 (US-12),continue,,,,
7179785797768,ret300-w,MERGE,Funtasma Retro 300,41040466083976,MERGE,RET300/W 36 (US-6),deny,2027-01-25,25.01.2027-checken,,
7179785797768,ret300-w,MERGE,Funtasma Retro 300,41040466215048,MERGE,RET300/W 40 (US-10),continue,,,,
7180184354952,war50-c-bvl,MERGE,DemoniaCult Warlock 50-C,47059079790939,MERGE,WAR50-C/BVL 36 (US-4) UNISEX,continue,2026-10-23,23.10.2026-checken,,
7180184354952,war50-c-bvl,MERGE,DemoniaCult Warlock 50-C,47059080085851,MERGE,WAR50-C/BVL 46 (US-13) UNISEX,deny,,,,
7202740764808,spec2017rsf-c-s-csch,MERGE,Pleaser Spectator 2017RSF,41048825135240,MERGE,SPEC2017RSF/C-S/CSCH 36 (US-6),continue,2026-11-09,09.11.2026-checken,,
7205340184712,del600-49-b-m,MERGE,Pleaser Delight 600-49,41048561942664,MERGE,DEL600-49/B/M 35 (US-5),deny,2026-10-30,30.10.2026-checken,,
7205340184712,del600-49-b-m,MERGE,Pleaser Delight 600-49,41048562008200,MERGE,DEL600-49/B/M 37 (US-7),deny,,,,
7206273286280,sed2000-b,MERGE,Pleaser Seduce 2000,41048774049928,MERGE,SED2000/B 36 (US-6),deny,2026-10-30,30.10.2026-checken,,
7206273286280,sed2000-b,MERGE,Pleaser Seduce 2000,41048774312072,MERGE,SED2000/B 45 (US-14),continue,,,,
7206453379208,leg8899-b-le,MERGE,Pleaser Legend 8899 [Leather],47846287671643,MERGE,LEG8899/B/LE 35 (US-5),,2027-01-25,25.01.2027-checken,,
7206453379208,leg8899-b-le,MERGE,Pleaser Legend 8899 [Leather],41048743870600,MERGE,LEG8899/B/LE 40 (US-10),continue,,,,
7210219864200,bej701dm-c-smcrs,MERGE,Pleaser Bejeweled 701DM,41048481726600,MERGE,BEJ701DM/C/SMCRS 35 (US-5),continue,,checken,,
7210219864200,bej701dm-c-smcrs,MERGE,Pleaser Bejeweled 701DM,41048481890440,MERGE,BEJ701DM/C/SMCRS 40 (US-10),continue,,,,
7214350467208,ado2023-b-m,MERGE,Pleaser Adore 2023,41048390762632,MERGE,ADO2023/B/M 35 (US-5),continue,2026-11-09,09.11.2026-checken,,
7214350467208,ado2023-b-m,MERGE,Pleaser Adore 2023,41048390860936,MERGE,ADO2023/B/M 38 (US-8),deny,,,,
7216480354440,del2018-b-m,MERGE,Pleaser Delight 2018,41048545034376,MERGE,DEL2018/B/M 35 (US-5),continue,2026-10-25,25.10.2026-checken,,
7216480354440,del2018-b-m,MERGE,Pleaser Delight 2018,41048545132680,MERGE,DEL2018/B/M 38 (US-8),deny,,,,
7217780129928,flam1020-bp-m,MERGE,Pleaser Flamingo 1020,41048646942856,MERGE,FLAM1020/BP/M 35 (US-5),continue,2026-10-25,25.10.2026-checken,,
7217780129928,flam1020-bp-m,MERGE,Pleaser Flamingo 1020,41048647073928,MERGE,FLAM1020/BP/M 39 (US-9),continue,,,,
7217784324232,kiss201-c-r,MERGE,Pleaser Kiss 201,41048732631176,MERGE,KISS201/C/R 35 (US-5),continue,2027-01-04,04.01.2027-checken,,
7217784324232,kiss201-c-r,MERGE,Pleaser Kiss 201,41048732762248,MERGE,KISS201/C/R 39 (US-9),continue,,,,
7220278919304,kim102-bnbsue,MERGE,Pleaser Pink Label Kimberly 102,41048730697864,MERGE,KIM102/BNBSUE 39 (US-9),continue,,xx checken,,
7220278919304,kim102-bnbsue,MERGE,Pleaser Pink Label Kimberly 102,41048730763400,MERGE,KIM102/BNBSUE 41 (US-11),deny,,,,
7220278919304,kim102-bnbsue,MERGE,Pleaser Pink Label Kimberly 102,41048730796168,MERGE,KIM102/BNBSUE 42/43 (US-12),continue,,,,
7221257765000,van420-bp,MERGE,Pleaser Vanity 420,41048855412872,MERGE,VAN420/BP 35 (US-5),continue,2027-01-04,04.01.2027-checken,,
7221257765000,van420-bp,MERGE,Pleaser Vanity 420,41048855478408,MERGE,VAN420/BP 37 (US-7),continue,,,,
7222103179400,flam808rc-c-rbowch,MERGE,Pleaser Flamingo 808RC,41048693899400,MERGE,FLAM808RC/C/RBOWCH 35 (US-5),deny,,xx checken,,
7222103179400,flam808rc-c-rbowch,MERGE,Pleaser Flamingo 808RC,41048694128776,MERGE,FLAM808RC/C/RBOWCH 42/43 (US-12),deny,,,,
7222241591432,flam896lc-bm-m,MERGE,Pleaser Flamingo 896LC,41048708874376,MERGE,FLAM896LC/BM/M 35 (US-5),continue,,xx checken,,
7222241591432,flam896lc-bm-m,MERGE,Pleaser Flamingo 896LC,41048709070984,MERGE,FLAM896LC/BM/M 41 (US-11),continue,,,,
7224936824968,inf1020fh-b-r-m,MERGE,Pleaser Infinity 1020FH,41048967872648,MERGE,INF1020FH/B-R/M 35 (US-5),continue,,xx checken,,
7224936824968,inf1020fh-b-r-m,MERGE,Pleaser Infinity 1020FH,41048967938184,MERGE,INF1020FH/B-R/M 37 (US-7),deny,,,,
7224938365064,enc708-c-m,MERGE,Pleaser Enchant 708,41048931336328,MERGE,ENC708/C/M 35 (US-5),deny,2026-11-09,09.11.2026-checken,,
8407259808091,pleaser-flam809gp-ryrg-m,MERGE,Pleaser Flamingo 809GP,46709735915867,MERGE,FLAM809GP/RYRG/M 35 (US-5),continue,,checken,,
8407259808091,pleaser-flam809gp-ryrg-m,MERGE,Pleaser Flamingo 809GP,46709736079707,MERGE,FLAM809GP/RYRG/M 40 (US-10),continue,,,,
8548412391771,pleaser-del4017-b-m,MERGE,Pleaser Delight 4017,47065305907547,MERGE,DEL4017/B/M 35 (US-5),continue,,xx checken,,
8548412391771,pleaser-del4017-b-m,MERGE,Pleaser Delight 4017,47065294602587,MERGE,DEL4017/B/M 39 (US-9),deny,,,,
9164404523355,pleaser-flam3021gp-bg-m,MERGE,Pleaser Flamingo 3021GP,48207347876187,MERGE,FLAM3021GP/BG/M 35 (US-5),continue,,checken,,
9441881358683,pleaser-ado708-c-w,MERGE,Pleaser Adore 708,48959083315547,MERGE,ADO708/C/W 35 (US-5),continue,,xx checken,,
9441881358683,pleaser-ado708-c-w,MERGE,Pleaser Adore 708,48959083610459,MERGE,ADO708/C/W 44 (US-13),continue,,,,
9455360934235,pleaser-ado708-c-by,MERGE,Pleaser Adore 708,48999856603483,MERGE,ADO708/C/BY 35 (US-5),continue,,checken,,
9455360934235,pleaser-ado708-c-by,MERGE,Pleaser Adore 708,48999856636251,MERGE,ADO708/C/BY 36 (US-6),continue,,,,
9522196447579,pleaser-cap600-14-bpu-m,MERGE,Pleaser Captiva 600-14,49247404884315,MERGE,CAP600-14/BPU/M 35 (US-5),continue,,xx checken,,
9522196447579,pleaser-cap600-14-bpu-m,MERGE,Pleaser Captiva 600-14,49247404982619,MERGE,CAP600-14/BPU/M 38 (US-8),deny,,,,
10224702751067,pleaser-ado708phrs-c-m,MERGE,Pleaser Adore 708PHRS,51793986945371,MERGE,ADO708PHRS/C/M 35 (US-5),continue,,xx checken,,
10224702751067,pleaser-ado708phrs-c-m,MERGE,Pleaser Adore 708PHRS,51793986978139,MERGE,ADO708PHRS/C/M 36 (US-6),continue,,,,
10224702751067,pleaser-ado708phrs-c-m,MERGE,Pleaser Adore 708PHRS,51793987141979,MERGE,ADO708PHRS/C/M 41 (US-11),deny,,,,
